{"cameraMode":{"drawMode":0,"name":"Shaded","section":"Shading Mode"},"sceneLighting":true,"audioPlay":false,"sceneViewState":{"showFog":true,"showMaterialUpdate":true,"showSkybox":true,"showFlares":true,"showImageEffects":true,"showParticleSystems":true},"in2DMode":false,"pivot":{"x":1.3568438291549683,"y":3.2717013359069826,"z":1.4648011922836304},"rotation":{"x":-0.125754252076149,"y":0.8615336418151856,"z":-0.41809678077697756,"w":-0.2591618597507477},"size":3.973599672317505,"orthographic":false}