{"cameraMode":{"drawMode":0,"name":"Shaded","section":"Shading Mode"},"sceneLighting":true,"audioPlay":false,"sceneViewState":{"showFog":true,"showMaterialUpdate":true,"showSkybox":true,"showFlares":true,"showImageEffects":true,"showParticleSystems":true},"in2DMode":false,"pivot":{"x":4.351449966430664,"y":1.5570917129516602,"z":4.5853118896484379},"rotation":{"x":0.1539221554994583,"y":-0.3087354898452759,"z":0.049344852566719058,"w":0.9375451803207398},"size":16.36539077758789,"orthographic":false}